{
    "$schema": "https://schema.management.azure.com/schemas/2015-01-01/deploymentParameters.json#",
    "contentVersion": "1.0.0.0",
    "parameters": {
        "location": {
            "value": "eastus"
        },
        "virtualMachineName": {
            "value": "test"
        },
        "virtualMachineSize": {
            "value": "Standard_A1"
        },
        "adminUsername": {
            "value": "devopsadmin"
        },
        "virtualNetworkName": {
            "value": "vnet"
        },
        "networkInterfaceName": {
            "value": "test312"
        },
        "networkSecurityGroupName": {
            "value": "reidevopssecgroup"
        },
        "adminPassword": {
            "value": null
        },
        "storageAccountName": {
            "value": "reidevopsstorage"
        },
        "diagnosticsStorageAccountName": {
            "value": "reidevopsstorage"
        },
        "diagnosticsStorageAccountId": {
            "value": "/subscriptions/765843cc-b249-4a49-bf05-ac76e27dab94/resourceGroups/rg-devops/providers/Microsoft.Storage/storageAccounts/reidevopsstorage"
        },
        "subnetName": {
            "value": "subnet-devops"
        },
        "publicIpAddressName": {
            "value": "test-ip"
        },
        "publicIpAddressType": {
            "value": "Dynamic"
        },
        "ex0_vmName": {
            "value": "test"
        },
        "ex0_location": {
            "value": "eastus"
        },
        "ex0_modulesUrl": {
            "value": "https://iaasv2tempstoreeastus.blob.core.windows.net/vmextensionstemporary-10037ffe906ea218-20170414025012816/IISInstall.zip?sv=2015-04-05&sr=c&sig=Wsx85EN2LFxI%2FuPR9pPg63zGQV%2F04CalIhBoW4E4cPI%3D&se=2017-04-15T02%3A50%3A12Z&sp=rw"
        },
        "ex0_configurationFunction": {
            "value": "iisinstall.ps1\\iisinstall"
        },
        "ex0_dataBlobUri": {
            "value": "https://iaasv2tempstoreeastus.blob.core.windows.net/vmextensionstemporary-10037ffe906ea218-20170414025012831/sbxconfig-data.psd1?sv=2015-04-05&sr=c&sig=YlDZtHklaVK1ySwL4pKr9G9ZU7zPuMmYVVi6sCEZKT0%3D&se=2017-04-15T02%3A50%3A12Z&sp=rw"
        },
        "ex0_wmfVersion": {
            "value": "latest"
        },
        "ex0_privacy": {
            "value": "Enable"
        },
        "ex0_version": {
            "value": "2.2"
        },
        "ex0_autoUpdate": {
            "value": true
        }
    }
}